--
-- PostgreSQL database dump
--

-- Dumped from database version 11.4 (Ubuntu 11.4-1.pgdg16.04+1)
-- Dumped by pg_dump version 11.3

SET statement_timeout = 0;
SET lock_timeout = 0;
SET idle_in_transaction_session_timeout = 0;
SET client_encoding = 'UTF8';
SET standard_conforming_strings = on;
SELECT pg_catalog.set_config('search_path', '', false);
SET check_function_bodies = false;
SET xmloption = content;
SET client_min_messages = warning;
SET row_security = off;

SET default_tablespace = '';

SET default_with_oids = false;

--
-- Name: answers; Type: TABLE; Schema: public; Owner: uvdgjkqzxkecap
--

CREATE TABLE public.answers (
    id integer NOT NULL,
    answer character varying(128) NOT NULL,
    answer_type integer NOT NULL
);


ALTER TABLE public.answers OWNER TO uvdgjkqzxkecap;

--
-- Name: answers_id_seq; Type: SEQUENCE; Schema: public; Owner: uvdgjkqzxkecap
--

CREATE SEQUENCE public.answers_id_seq
    AS integer
    START WITH 1
    INCREMENT BY 1
    NO MINVALUE
    NO MAXVALUE
    CACHE 1;


ALTER TABLE public.answers_id_seq OWNER TO uvdgjkqzxkecap;

--
-- Name: answers_id_seq; Type: SEQUENCE OWNED BY; Schema: public; Owner: uvdgjkqzxkecap
--

ALTER SEQUENCE public.answers_id_seq OWNED BY public.answers.id;


--
-- Name: conference1; Type: TABLE; Schema: public; Owner: uvdgjkqzxkecap
--

CREATE TABLE public.conference1 (
    id integer NOT NULL,
    year smallint NOT NULL
);


ALTER TABLE public.conference1 OWNER TO uvdgjkqzxkecap;

--
-- Name: conference1_id_seq; Type: SEQUENCE; Schema: public; Owner: uvdgjkqzxkecap
--

CREATE SEQUENCE public.conference1_id_seq
    AS integer
    START WITH 1
    INCREMENT BY 1
    NO MINVALUE
    NO MAXVALUE
    CACHE 1;


ALTER TABLE public.conference1_id_seq OWNER TO uvdgjkqzxkecap;

--
-- Name: conference1_id_seq; Type: SEQUENCE OWNED BY; Schema: public; Owner: uvdgjkqzxkecap
--

ALTER SEQUENCE public.conference1_id_seq OWNED BY public.conference1.id;


--
-- Name: questions; Type: TABLE; Schema: public; Owner: uvdgjkqzxkecap
--

CREATE TABLE public.questions (
    id integer NOT NULL,
    questions character varying(265) NOT NULL,
    answers_id integer NOT NULL
);


ALTER TABLE public.questions OWNER TO uvdgjkqzxkecap;

--
-- Name: questions_id_seq; Type: SEQUENCE; Schema: public; Owner: uvdgjkqzxkecap
--

CREATE SEQUENCE public.questions_id_seq
    AS integer
    START WITH 1
    INCREMENT BY 1
    NO MINVALUE
    NO MAXVALUE
    CACHE 1;


ALTER TABLE public.questions_id_seq OWNER TO uvdgjkqzxkecap;

--
-- Name: questions_id_seq; Type: SEQUENCE OWNED BY; Schema: public; Owner: uvdgjkqzxkecap
--

ALTER SEQUENCE public.questions_id_seq OWNED BY public.questions.id;


--
-- Name: scriptures; Type: TABLE; Schema: public; Owner: uvdgjkqzxkecap
--

CREATE TABLE public.scriptures (
    id integer NOT NULL,
    book character varying(20) NOT NULL,
    chapter smallint NOT NULL,
    verse smallint NOT NULL,
    content text NOT NULL
);


ALTER TABLE public.scriptures OWNER TO uvdgjkqzxkecap;

--
-- Name: scriptures_id_seq; Type: SEQUENCE; Schema: public; Owner: uvdgjkqzxkecap
--

CREATE SEQUENCE public.scriptures_id_seq
    AS integer
    START WITH 1
    INCREMENT BY 1
    NO MINVALUE
    NO MAXVALUE
    CACHE 1;


ALTER TABLE public.scriptures_id_seq OWNER TO uvdgjkqzxkecap;

--
-- Name: scriptures_id_seq; Type: SEQUENCE OWNED BY; Schema: public; Owner: uvdgjkqzxkecap
--

ALTER SEQUENCE public.scriptures_id_seq OWNED BY public.scriptures.id;


--
-- Name: speaker1; Type: TABLE; Schema: public; Owner: uvdgjkqzxkecap
--

CREATE TABLE public.speaker1 (
    id integer NOT NULL,
    name character varying(255) NOT NULL
);


ALTER TABLE public.speaker1 OWNER TO uvdgjkqzxkecap;

--
-- Name: speaker1_id_seq; Type: SEQUENCE; Schema: public; Owner: uvdgjkqzxkecap
--

CREATE SEQUENCE public.speaker1_id_seq
    AS integer
    START WITH 1
    INCREMENT BY 1
    NO MINVALUE
    NO MAXVALUE
    CACHE 1;


ALTER TABLE public.speaker1_id_seq OWNER TO uvdgjkqzxkecap;

--
-- Name: speaker1_id_seq; Type: SEQUENCE OWNED BY; Schema: public; Owner: uvdgjkqzxkecap
--

ALTER SEQUENCE public.speaker1_id_seq OWNED BY public.speaker1.id;


--
-- Name: types; Type: TABLE; Schema: public; Owner: uvdgjkqzxkecap
--

CREATE TABLE public.types (
    id integer NOT NULL,
    type character varying(128) NOT NULL
);


ALTER TABLE public.types OWNER TO uvdgjkqzxkecap;

--
-- Name: types_id_seq; Type: SEQUENCE; Schema: public; Owner: uvdgjkqzxkecap
--

CREATE SEQUENCE public.types_id_seq
    AS integer
    START WITH 1
    INCREMENT BY 1
    NO MINVALUE
    NO MAXVALUE
    CACHE 1;


ALTER TABLE public.types_id_seq OWNER TO uvdgjkqzxkecap;

--
-- Name: types_id_seq; Type: SEQUENCE OWNED BY; Schema: public; Owner: uvdgjkqzxkecap
--

ALTER SEQUENCE public.types_id_seq OWNED BY public.types.id;


--
-- Name: user1; Type: TABLE; Schema: public; Owner: uvdgjkqzxkecap
--

CREATE TABLE public.user1 (
    id integer NOT NULL,
    username character varying(255) NOT NULL,
    password character varying(255) NOT NULL,
    display_name character varying(255) NOT NULL
);


ALTER TABLE public.user1 OWNER TO uvdgjkqzxkecap;

--
-- Name: user1_id_seq; Type: SEQUENCE; Schema: public; Owner: uvdgjkqzxkecap
--

CREATE SEQUENCE public.user1_id_seq
    AS integer
    START WITH 1
    INCREMENT BY 1
    NO MINVALUE
    NO MAXVALUE
    CACHE 1;


ALTER TABLE public.user1_id_seq OWNER TO uvdgjkqzxkecap;

--
-- Name: user1_id_seq; Type: SEQUENCE OWNED BY; Schema: public; Owner: uvdgjkqzxkecap
--

ALTER SEQUENCE public.user1_id_seq OWNED BY public.user1.id;


--
-- Name: user_login; Type: TABLE; Schema: public; Owner: uvdgjkqzxkecap
--

CREATE TABLE public.user_login (
    id integer NOT NULL,
    username character varying(128) NOT NULL,
    password character varying(128) NOT NULL
);


ALTER TABLE public.user_login OWNER TO uvdgjkqzxkecap;

--
-- Name: user_login_id_seq; Type: SEQUENCE; Schema: public; Owner: uvdgjkqzxkecap
--

CREATE SEQUENCE public.user_login_id_seq
    AS integer
    START WITH 1
    INCREMENT BY 1
    NO MINVALUE
    NO MAXVALUE
    CACHE 1;


ALTER TABLE public.user_login_id_seq OWNER TO uvdgjkqzxkecap;

--
-- Name: user_login_id_seq; Type: SEQUENCE OWNED BY; Schema: public; Owner: uvdgjkqzxkecap
--

ALTER SEQUENCE public.user_login_id_seq OWNED BY public.user_login.id;


--
-- Name: answers id; Type: DEFAULT; Schema: public; Owner: uvdgjkqzxkecap
--

ALTER TABLE ONLY public.answers ALTER COLUMN id SET DEFAULT nextval('public.answers_id_seq'::regclass);


--
-- Name: conference1 id; Type: DEFAULT; Schema: public; Owner: uvdgjkqzxkecap
--

ALTER TABLE ONLY public.conference1 ALTER COLUMN id SET DEFAULT nextval('public.conference1_id_seq'::regclass);


--
-- Name: questions id; Type: DEFAULT; Schema: public; Owner: uvdgjkqzxkecap
--

ALTER TABLE ONLY public.questions ALTER COLUMN id SET DEFAULT nextval('public.questions_id_seq'::regclass);


--
-- Name: scriptures id; Type: DEFAULT; Schema: public; Owner: uvdgjkqzxkecap
--

ALTER TABLE ONLY public.scriptures ALTER COLUMN id SET DEFAULT nextval('public.scriptures_id_seq'::regclass);


--
-- Name: speaker1 id; Type: DEFAULT; Schema: public; Owner: uvdgjkqzxkecap
--

ALTER TABLE ONLY public.speaker1 ALTER COLUMN id SET DEFAULT nextval('public.speaker1_id_seq'::regclass);


--
-- Name: types id; Type: DEFAULT; Schema: public; Owner: uvdgjkqzxkecap
--

ALTER TABLE ONLY public.types ALTER COLUMN id SET DEFAULT nextval('public.types_id_seq'::regclass);


--
-- Name: user1 id; Type: DEFAULT; Schema: public; Owner: uvdgjkqzxkecap
--

ALTER TABLE ONLY public.user1 ALTER COLUMN id SET DEFAULT nextval('public.user1_id_seq'::regclass);


--
-- Name: user_login id; Type: DEFAULT; Schema: public; Owner: uvdgjkqzxkecap
--

ALTER TABLE ONLY public.user_login ALTER COLUMN id SET DEFAULT nextval('public.user_login_id_seq'::regclass);


--
-- Data for Name: answers; Type: TABLE DATA; Schema: public; Owner: uvdgjkqzxkecap
--

COPY public.answers (id, answer, answer_type) FROM stdin;
1	Banana	1
2	Apple	1
3	Strawberry	1
4	Dog	2
5	Blue	4
6	Cat	2
11	Grey	4
12	Pineapple	1
13	Pig	2
14	Yellow	4
15	Bear	2
16	Bald Eagle	2
17	Rabbit	2
18	Cow	2
19	Grapes	1
20	Watermelon	1
21	Green	4
22	Black	4
23	White	4
24	Purple	4
25	Baseball	3
26	Soccer	3
27	Hockey	3
28	Football	3
29	Tennis	3
30	Cherry	1
\.


--
-- Data for Name: conference1; Type: TABLE DATA; Schema: public; Owner: uvdgjkqzxkecap
--

COPY public.conference1 (id, year) FROM stdin;
\.


--
-- Data for Name: questions; Type: TABLE DATA; Schema: public; Owner: uvdgjkqzxkecap
--

COPY public.questions (id, questions, answers_id) FROM stdin;
7	What is the color of the moon?	11
8	Is the sky blue or red?	5
9	What is animal really dirty and pink?	13
13	What is the color of the sky?	5
3	What has four legs and barks?	4
14	What tastes good in milkshake?	30
15	What is the national animal of USA?	16
17	What is the color of grass?	21
\.


--
-- Data for Name: scriptures; Type: TABLE DATA; Schema: public; Owner: uvdgjkqzxkecap
--

COPY public.scriptures (id, book, chapter, verse, content) FROM stdin;
1	John	1	5	And the light shineth in darkness; and the darkness comprehended it not.
2	D&C	88	49	The light shineth in darkness, and the darkness comprehendeth it not; nevertheless, the day shall come when you shall comprehend even God, being quickened in him and by him.
3	D&C	93	28	He that keepeth his commandments receiveth truth and light, until he is glorified in truth and knoweth all things.
4	Mosiah	16	9	He is the light and the life of the world; yea, a light that is endless, that can never be darkened; yea, and also a life which is endless, that there can be no more death.
\.


--
-- Data for Name: speaker1; Type: TABLE DATA; Schema: public; Owner: uvdgjkqzxkecap
--

COPY public.speaker1 (id, name) FROM stdin;
\.


--
-- Data for Name: types; Type: TABLE DATA; Schema: public; Owner: uvdgjkqzxkecap
--

COPY public.types (id, type) FROM stdin;
1	Fruits
2	Animals
3	Sports
4	Colors
\.


--
-- Data for Name: user1; Type: TABLE DATA; Schema: public; Owner: uvdgjkqzxkecap
--

COPY public.user1 (id, username, password, display_name) FROM stdin;
\.


--
-- Data for Name: user_login; Type: TABLE DATA; Schema: public; Owner: uvdgjkqzxkecap
--

COPY public.user_login (id, username, password) FROM stdin;
\.


--
-- Name: answers_id_seq; Type: SEQUENCE SET; Schema: public; Owner: uvdgjkqzxkecap
--

SELECT pg_catalog.setval('public.answers_id_seq', 30, true);


--
-- Name: conference1_id_seq; Type: SEQUENCE SET; Schema: public; Owner: uvdgjkqzxkecap
--

SELECT pg_catalog.setval('public.conference1_id_seq', 1, false);


--
-- Name: questions_id_seq; Type: SEQUENCE SET; Schema: public; Owner: uvdgjkqzxkecap
--

SELECT pg_catalog.setval('public.questions_id_seq', 48, true);


--
-- Name: scriptures_id_seq; Type: SEQUENCE SET; Schema: public; Owner: uvdgjkqzxkecap
--

SELECT pg_catalog.setval('public.scriptures_id_seq', 4, true);


--
-- Name: speaker1_id_seq; Type: SEQUENCE SET; Schema: public; Owner: uvdgjkqzxkecap
--

SELECT pg_catalog.setval('public.speaker1_id_seq', 1, false);


--
-- Name: types_id_seq; Type: SEQUENCE SET; Schema: public; Owner: uvdgjkqzxkecap
--

SELECT pg_catalog.setval('public.types_id_seq', 4, true);


--
-- Name: user1_id_seq; Type: SEQUENCE SET; Schema: public; Owner: uvdgjkqzxkecap
--

SELECT pg_catalog.setval('public.user1_id_seq', 1, false);


--
-- Name: user_login_id_seq; Type: SEQUENCE SET; Schema: public; Owner: uvdgjkqzxkecap
--

SELECT pg_catalog.setval('public.user_login_id_seq', 1, false);


--
-- Name: answers answers_answer_key; Type: CONSTRAINT; Schema: public; Owner: uvdgjkqzxkecap
--

ALTER TABLE ONLY public.answers
    ADD CONSTRAINT answers_answer_key UNIQUE (answer);


--
-- Name: answers answers_pkey; Type: CONSTRAINT; Schema: public; Owner: uvdgjkqzxkecap
--

ALTER TABLE ONLY public.answers
    ADD CONSTRAINT answers_pkey PRIMARY KEY (id);


--
-- Name: conference1 conference1_pkey; Type: CONSTRAINT; Schema: public; Owner: uvdgjkqzxkecap
--

ALTER TABLE ONLY public.conference1
    ADD CONSTRAINT conference1_pkey PRIMARY KEY (id);


--
-- Name: questions questions_pkey; Type: CONSTRAINT; Schema: public; Owner: uvdgjkqzxkecap
--

ALTER TABLE ONLY public.questions
    ADD CONSTRAINT questions_pkey PRIMARY KEY (id);


--
-- Name: scriptures scriptures_pkey; Type: CONSTRAINT; Schema: public; Owner: uvdgjkqzxkecap
--

ALTER TABLE ONLY public.scriptures
    ADD CONSTRAINT scriptures_pkey PRIMARY KEY (id);


--
-- Name: speaker1 speaker1_pkey; Type: CONSTRAINT; Schema: public; Owner: uvdgjkqzxkecap
--

ALTER TABLE ONLY public.speaker1
    ADD CONSTRAINT speaker1_pkey PRIMARY KEY (id);


--
-- Name: types types_pkey; Type: CONSTRAINT; Schema: public; Owner: uvdgjkqzxkecap
--

ALTER TABLE ONLY public.types
    ADD CONSTRAINT types_pkey PRIMARY KEY (id);


--
-- Name: types types_type_key; Type: CONSTRAINT; Schema: public; Owner: uvdgjkqzxkecap
--

ALTER TABLE ONLY public.types
    ADD CONSTRAINT types_type_key UNIQUE (type);


--
-- Name: user1 user1_pkey; Type: CONSTRAINT; Schema: public; Owner: uvdgjkqzxkecap
--

ALTER TABLE ONLY public.user1
    ADD CONSTRAINT user1_pkey PRIMARY KEY (id);


--
-- Name: user_login user_login_pkey; Type: CONSTRAINT; Schema: public; Owner: uvdgjkqzxkecap
--

ALTER TABLE ONLY public.user_login
    ADD CONSTRAINT user_login_pkey PRIMARY KEY (id);


--
-- Name: user_login user_login_username_key; Type: CONSTRAINT; Schema: public; Owner: uvdgjkqzxkecap
--

ALTER TABLE ONLY public.user_login
    ADD CONSTRAINT user_login_username_key UNIQUE (username);


--
-- Name: answers answers_answer_type_fkey; Type: FK CONSTRAINT; Schema: public; Owner: uvdgjkqzxkecap
--

ALTER TABLE ONLY public.answers
    ADD CONSTRAINT answers_answer_type_fkey FOREIGN KEY (answer_type) REFERENCES public.types(id);


--
-- Name: questions questions_answers_id_fkey; Type: FK CONSTRAINT; Schema: public; Owner: uvdgjkqzxkecap
--

ALTER TABLE ONLY public.questions
    ADD CONSTRAINT questions_answers_id_fkey FOREIGN KEY (answers_id) REFERENCES public.answers(id);


--
-- Name: SCHEMA public; Type: ACL; Schema: -; Owner: uvdgjkqzxkecap
--

REVOKE ALL ON SCHEMA public FROM postgres;
REVOKE ALL ON SCHEMA public FROM PUBLIC;
GRANT ALL ON SCHEMA public TO uvdgjkqzxkecap;
GRANT ALL ON SCHEMA public TO PUBLIC;


--
-- Name: LANGUAGE plpgsql; Type: ACL; Schema: -; Owner: postgres
--

GRANT ALL ON LANGUAGE plpgsql TO uvdgjkqzxkecap;


--
-- PostgreSQL database dump complete
--

